station_id,latitude,longitude
abr095,42.44813,13.552022
abr063,42.089099,14.205207
abr096,42.353117,13.401502
abr003,42.06,13.9
abr022,42.4521671497176,14.1112893819809
abr027,42.4764650952282,14.1803884506226
abr073,42.357377,13.39523
abr062,42.358532,13.257352
abr014,42.65,13.8
abr040,42.3942229895788,14.2144537568311
abr098,42.288644,13.559358
abr089,42.388469,13.298405
abr016,42.1,14.02
abr097,42.325301,13.586263
abr047,42.4764650952282,14.1813325881958
abr075,42.260484,13.543159
abr091,42.442439,13.559347
abr101,42.885382,13.918432
abr055,41.869337,14.053659
abr002,41.77,14.12
abr052,42.8159350273547,13.8218320906162
abr010,42.08,13.08
abr099,42.057153,14.655645
abr015,42.25,13.75
abr084,42.041542,13.445704
abr070,42.369383,14.171661
abr004,42.42,14.25
abr081,42.385049,13.203479
abr058,42.805232,13.908476
abr074,42.343118,13.420502
abr067,42.391104,14.19425
abr087,42.462503,13.220729
abr086,42.425894,13.331129
abr092,42.737607,13.97985
abr085,42.301563,13.513613
abr044,42.8035246971546,13.9064490795135
abr078,42.410654,13.305643
abr082,42.309073,13.444524
abr007,42.03,13.43
abr028,42.041417,14.714615
abr012,42.47,14.22
abr083,42.363902,13.266172
abr050,42.0413571108598,14.7146415710449
abr013,42.2,13.52
abr030,42.85410277127,13.8169813156128
abr045,42.6087270726053,14.0642166137695
abr005,42.37,13.35
abr053,42.348443,14.164043
abr042,42.136205747207,14.7023248672485
abr056,42.510893,14.152751
abr077,42.397648,13.415518
abr079,42.233552,13.420829
abr059,42.158549,14.35247
abr076,42.340987,13.346006
abr034,42.3679976079185,13.3422088623047
abr054,42.340656,14.31982
abr072,42.350509,13.399851
abr066,42.63465,14.040537
abr018,42.356842,14.138787
abr032,42.8123324117275,13.9362859725952
abr006,42.2,13.51
abr046,42.7962823838432,13.6302137374878
abr017,42.33,13.37
abr011,42.33,13.4
abr080,42.413575,13.505547
abr088,42.304128,13.318228
abr043,42.3512666501754,14.1107804773492
bsl023,40.003618,15.976916
bsl015,40.9606721596377,15.815145491506
bsl021,40.527052,16.04627
bsl012,40.6007463488828,15.8007888682187
bsl020,40.13417969,15.7619958
bsl014,40.3643401664002,16.7054404019655
bsl007,40.67,16.61
bsl006,40.1,16.17
bsl018,40.630529,16.286426
bsl004,40.12,15.83
bsl001,40.65,15.77
bsl008,40.5688498485249,16.4950275421143
bsl022,40.134363,15.761988
rsm014,43.901076,12.411099
clb137,38.19288247,15.84490136
clb226,38.469252,16.059997
clb230,38.47068,16.064434
clb211,39.67118,16.30677
clb209,38.867097,16.602991
clb053,39.21635127,16.20750207
clb050,39.86068581,16.38373123
clb048,40.05381192,16.44897813
clb047,39.98682064,16.6035646
clb045,38.253917,15.96831
clb036,38.116703,15.651891
clb138,38.1502733,15.7024696
clb001,39.0,17.1
clb139,38.18910552,15.64134035
clb227,38.390986,15.863351
clb088,39.11445892,16.76636879
clb090,39.14169925,16.7482594
clb035,39.314729,16.779163
clb221,38.361018,15.847301
clb222,38.412225,15.899822
clb043,38.286842,15.986586
clb007,39.3184070780143,16.2450892923516
clb002,39.3717294930298,16.23779296875
clb098,38.95220661,16.58272259
clb220,38.258366,15.966146
clb012,39.4477927531905,16.2613105773926
clb145,38.2349804,15.71577208
clb060,39.4825608,16.39345066
clb061,39.49382462,16.20981073
clb089,39.10451166,16.9289418
clb003,39.9000673953067,15.7801480282797
clb078,39.24243039,16.78338588
clb218,38.676492,15.892502
clb022,39.294604636453,16.2498099802178
clb077,39.31282435,16.77278479
clb076,39.24323466,16.54487593
clb042,39.4643,16.138067
clb062,39.52038114,16.14078469
clb039,38.349613,16.078194
clb015,39.356732528081,16.2142753601074
clb073,39.42450657,17.00379886
clb072,39.50513001,16.9401706
clb063,39.61729006,16.27284973
clb041,38.827907,16.433513
clb215,39.133959,16.243985
clb044,38.685781,16.553542
clb068,39.71042937,16.49673398
clb094,39.13962283,16.53352624
clb092,38.97095389,16.77995019
clb091,38.94148003,16.85862546
clb086,39.07143248,16.88898453
clb084,38.9431009,17.00876035
clb083,39.01226358,17.12608683
clb082,39.08701945,17.13094272
clb081,39.07243524,17.02774937
clb080,39.03663157,17.0151727
clb079,39.29457274,16.96778508
clb075,39.3816779,17.05886744
clb074,39.38423305,17.12617467
clb087,39.04181677,16.75875814
clb071,39.51570213,16.72444693
clb070,39.4461272,16.610242
clb069,39.5873364,16.52061949
clb067,39.6643504,16.02790081
clb093,38.95023006,16.67401106
clb095,39.02643155,16.59816921
clb059,39.39995939,16.5377597
clb097,38.91080521,16.58588528
clb058,39.31614848,16.42298122
clb102,38.749228,16.36817248
clb105,38.69167816,16.54442717
clb206,39.2807332,16.45836639
clb106,38.56522738,16.31968443
clb066,39.73668394,16.12387333
clb201,39.10442035,16.70226096
clb021,38.6795243147462,15.8972668656497
clb198,39.21110433,16.16800951
clb017,38.3594952669651,15.8482911592
clb108,38.45366368,16.55223164
clb109,38.42517522,16.47436784
clb223,38.402485,16.071621
clb197,39.23332645,16.11912611
clb111,38.48598278,16.30021498
clb196,39.22694024,16.0913484
clb112,38.32155576,16.39981233
clb195,39.24194028,16.05940261
clb228,37.97464,15.669549
clb113,38.44211958,16.29327473
clb014,39.6581716220958,16.3423082827649
clb027,39.2847598544336,16.2418563372921
clb114,38.30110289,16.32979799
clb115,38.31304745,16.12718905
clb116,38.25975038,16.18043834
clb117,38.23964273,16.26791302
clb118,38.20594965,16.15502511
clb194,39.87299825,15.91026633
clb193,39.8850762,15.98783546
clb192,39.92744952,15.76328039
clb190,39.95442347,15.97601327
clb040,39.312997,16.779492
clb188,39.53508166,15.9640417
clb187,39.36726962,16.04203565
clb120,38.22222499,16.04441522
clb186,39.14918191,16.08622366
clb185,39.08468109,16.24680615
clb184,39.17529183,16.28080673
clb183,39.18348492,16.32569115
clb181,39.12946312,16.25525384
clb180,38.87586891,16.23291313
clb179,38.9855666,16.29938632
clb178,38.83374361,16.4022079
clb177,38.89582396,16.3388448
clb121,38.14839124,16.0672247
clb229,38.231686,15.920143
clb173,38.71635347,16.29233554
clb171,38.6230881,15.82897123
clb165,38.50050384,15.9880093
clb125,37.99608268,15.93279235
clb174,38.78693047,16.29294086
clb160,38.44026218,16.14619093
clb126,37.94719638,15.9193817
clb157,38.54989714,16.1238424
clb155,38.65915666,16.29911058
clb154,38.43083895,15.90718373
clb150,38.25989264,15.87740579
clb148,38.25689266,15.96456377
clb147,38.36569261,15.8629539
clb146,38.28650653,15.81082574
clb170,38.71829296,16.12191951
clb169,38.70282389,16.11969983
clb168,38.67728693,16.10633474
clb167,38.65348159,15.98291268
clb166,38.59200116,15.90521199
clb203,39.11667871,16.74942202
clb016,39.2458144591174,16.5293169021606
clb164,38.62724342,16.0669207
clb032,39.5033784502404,16.274356842041
clb163,38.35388884,16.01052814
clb162,38.408319,16.07744957
clb161,38.37132774,16.18912824
clb159,38.46812274,16.06835495
clb158,38.56212402,16.21686098
clb156,38.61990556,16.25266346
clb153,38.40770306,15.97160392
clb152,38.35215697,16.07752105
clb151,38.30882855,16.03133629
clb149,38.38006367,15.91215922
clb004,38.1,15.65
clb023,39.2913962668119,16.2543590067071
clb144,38.25023181,15.79649152
clb143,38.2564545,15.77429512
clb142,38.2470623,15.75235686
clb141,38.2373405,15.73635123
clb217,39.257376,16.23934
clb140,38.25158397,15.71968343
clb136,38.11971601,15.68968507
clb135,38.16952624,15.75577182
clb219,39.52703,16.244737
clb133,38.04138733,15.72441387
clb132,38.12419554,15.73713037
clb131,38.02639241,15.74857999
clb134,38.1033567,15.79951402
clb130,38.10783376,15.65086078
clb129,38.07083029,15.79829352
clb128,37.98392588,15.75835116
clb127,38.04524359,15.90065124
clb124,37.9272758,16.05611346
clb123,37.99982919,16.03544523
clb122,38.10072289,16.08526915
clb119,38.14847256,16.1775588
clb110,38.51628474,16.31665705
clb107,38.53689261,16.51288843
clb030,38.7300080079939,16.5437605977058
clb104,38.67131341,16.40881554
clb103,38.74919755,16.45284001
clb101,38.97442749,16.54023037
clb100,38.81851862,16.59774987
clb099,38.95138295,16.56495666
clb096,38.98526627,16.62078313
clb085,39.15948384,16.78047937
clb005,39.3924279757785,16.2357330322266
clb065,39.7330757,16.2718726
clb064,39.76551367,16.25417518
clb057,39.40096347,16.13037079
clb056,39.34560139,16.31347735
clb055,39.30582789,16.23550421
clb051,39.79731736,16.48192547
clb208,38.60198063,16.33827142
clb207,38.67562076,16.54236929
clb205,39.53387601,16.21567182
clb052,39.78307656,16.31890704
clb054,39.28685654,16.26530528
clb204,39.09918051,16.79859574
clb202,39.12917832,16.70609598
clb200,39.15554922,16.4666224
clb199,39.22777362,16.25717695
clb049,39.92467421,16.46836769
clb216,38.2305,16.247474
clb191,39.8725777,16.06839539
clb189,39.64038446,15.84818374
clb182,39.16104218,16.40920328
clb176,38.93953851,16.50989299
clb175,39.07388376,16.33495497
clb172,38.70831923,16.19188303
es0001,36.7315584782024,-3.58570575714111
gb0001,50.687149,-2.112999
cmp027,41.4159167130795,15.0171990397212
cmp012,40.73,14.57
cmp055,41.2798382946112,14.5553827285767
cmp054,40.6256771724613,14.3684341904009
cmp059,40.789211,14.515763
cmp017,40.7478877021765,13.9209294327884
cmp076,41.025247,14.496683
cmp004,41.1,14.38
cmp018,41.2879972176921,14.6756744384766
cmp030,40.7474845499371,13.910676240921
cmp013,40.8,14.35
cmp070,40.350457,14.979201
cmp075,40.352202,15.617924
cmp052,40.256472716285,15.0753021240234
cmp010,40.45,15.07
cmp065,40.468073,14.966728
cmp006,40.6285456063658,14.3817901611328
cmp078,40.528325,15.130334
cmp062,41.026367,14.454795
cmp003,41.0,14.3
cmp051,41.4304684112593,15.0127530097961
cmp007,40.62,14.97
cmp069,41.344886,14.330384
cmp028,40.8133350214953,14.2082433693577
cmp067,40.409009,14.995984
cmp011,41.03,14.99
cmp014,40.8225782358363,14.1209077835083
cmp036,40.9121758614411,14.762508451895
cmp009,41.05,14.33
cmp032,40.6392929969008,14.4165515899658
cmp033,40.2701818198576,15.6224083900452
cmp074,40.399176,15.347272
cmp073,40.692989,15.200886
cmp046,40.7252922248534,14.8473930350156
cmp050,40.7606832709659,14.4401121139526
cmp077,40.841403,14.372506
cmp053,40.8721986907567,14.5549213886261
cmp082,40.508696,15.204033
cmp057,40.858149825907,14.2270763218403
cmp063,41.329236,14.329914
cmp080,40.841062,14.229077
cmp016,40.6187140288516,14.3575987817167
cmp066,40.456529,15.00456
cmp064,40.422904,15.080733
cmp042,41.0660541201871,14.3455266952515
cmp068,40.479116,15.051163
cmp015,41.182764,14.164442
ero309,44.933042,12.076332
ero203,44.939275,9.444502
ero055,44.839739,11.500256
ero142,44.1439218831731,12.4655020236969
ero153,44.867568669319,10.0607031583786
ero285,43.875892,12.011244
ero075,44.07111,12.366223
ero318,44.59999,10.415909
ero148,44.9064059007553,12.0983433740912
ero299,44.578086,11.891506
ero005,44.400245,11.900515
ero007,44.870061,10.520257
ero320,44.013651,12.646293
ero081,44.631466,11.16794
ero174,44.458585,10.396348
ero342,44.001055,11.909333
ero341,44.21106,11.598178
ero094,44.75729039972,11.8847072124481
ero333,44.410463,11.128099
ero114,44.415213,11.902031
ero336,44.684711,11.415119
ero303,44.927805,11.383498
ero304,44.827181,12.132837
ero020,44.280061,11.869571
ero325,44.893975,11.00131
ero009,44.549817,11.199828
ero306,44.787195,12.027613
ero308,44.804416,11.668126
ero339,44.484449,9.763317
ero078,44.550122,11.269399
ero158,44.7871959406916,10.298867225647
ero041,44.550092,11.449785
ero188,44.939311,9.633118
ero040,45.024671,9.745192
ero132,44.0611620118125,12.5851821899414
ero038,44.480367,11.219914
ero328,44.379112,11.652471
ero036,44.420736,11.951373
ero031,44.599756,11.050343
ero006,44.500245,12.03103
ero052,43.9590035232563,12.7398662525229
ero029,44.772315,11.003777
ero050,44.423862,11.91339
ero302,44.730401,12.186042
ero008,44.069977,12.450236
ero064,44.620244,10.609657
ero312,44.813825,12.200155
ero310,44.684206,11.691856
ero338,44.324278,11.797654
ero169,44.812648,11.683265
ero332,44.525915,11.124752
ero176,44.698214,9.47054
ero175,44.956508,9.693055
ero059,44.399509,11.249485
ero266,44.295959,11.417523
ero071,44.563885,11.873262
ero067,44.269343,10.939785
ero118,44.2263198746028,11.9296932220459
ero195,44.595137,10.084055
ero154,44.8068381555425,10.318865776062
ero130,44.4373957418995,10.6902551651001
ero168,44.4959791983217,12.0535006374121
ero197,45.001855,9.781857
ero261,44.65378,11.62264
ero264,44.69345,10.85326
ero155,44.768125940046,10.3936672210693
ero017,44.720793,11.100172
ero198,44.170637,12.440155
ero063,44.490716,11.044164
ero062,44.469724,11.011127
ero305,44.790822,11.365246
ero048,44.479755,11.629828
ero054,44.330737,10.830343
ero300,44.661884,11.852235
ero039,44.679268,11.030687
ero110,44.3089865571449,11.7339992523193
ero193,45.046899,9.681655
ero183,43.938259,12.542616
ero186,45.062761,9.436398
ero173,44.911752,10.104385
ero166,44.6932111202917,10.4206274449825
ero286,44.048016,12.328635
ero120,44.0116737357991,12.2014144509922
ero301,44.712769,11.84597
ero273,44.089918,12.392888
ero077,44.151601,12.460858
ero151,44.0399719143769,12.5025272369385
ero106,43.7931450282141,12.099442005856
ero289,44.764994,11.509943
ero192,44.707904,9.485981
ero311,44.716544,10.247691
ero269,44.721658,9.703272
ero037,44.573104,10.846692
ero103,44.1391637505324,11.1623668670654
ero323,44.872832,11.146222
ero088,44.7226493629328,11.2742471694946
ero089,44.803878,12.268132
ero085,44.389019,10.951373
ero137,44.7766117508129,10.8816940773977
ero084,44.550734,11.039828
ero146,44.783693138037,10.3222560882568
ero030,44.820122,9.980043
ero060,44.367975,11.855949
ero265,44.26093,11.32646
ero259,44.12022,11.80825
ero258,43.91182,12.64294
ero254,44.82606,11.12578
ero268,44.108018,12.310866
ero046,44.683631,11.035944
ero251,44.04111,11.9819
ero248,44.88612,11.01631
ero246,44.32806,10.62267
ero047,44.003712,12.660525
ero244,44.83695,10.57823
ero243,45.00695,10.16786
ero242,44.55123,10.90937
ero107,43.8839920700867,12.6515243052563
ero082,44.330872,12.137766
ero229,45.05492,9.67965
ero225,44.88481,10.874
ero223,44.40258,11.46158
ero222,44.5635,11.84403
ero220,44.68953,10.51062
ero219,44.74325,10.77293
ero134,44.2268426684938,11.9410228729248
ero057,43.9913757333241,12.6788320520427
ero172,44.467307,12.082821
ero208,44.83906,11.28402
ero021,44.778782,10.698283
ero093,44.4961379952585,11.4312744140625
ero178,43.864965,12.657709
ero182,44.123159,12.338052
ero144,44.4156663571389,11.9145011901855
ero162,45.02928,9.586186
ero274,44.769679,11.930753
ero109,43.8718488640579,12.6686954498291
ero117,44.4722255784673,11.1197090148926
ero204,44.60016,12.07738
ero205,44.50405,11.00414
ero206,44.77839,10.97129
ero207,44.6837,10.29584
ero209,44.3332,11.74953
ero210,44.80806,10.27245
ero211,44.70214,10.9567
ero212,44.6313,11.02953
ero213,44.43967,11.24125
ero124,44.4531571313601,11.3778179883957
ero214,44.44853,11.86667
ero215,44.31392,12.1602
ero216,44.03456,12.5005
ero217,44.695,11.14493
ero218,44.9163,11.8213
ero221,44.08903,12.27459
ero224,44.81287,12.25036
ero278,44.325304,11.672905
ero226,44.85799,11.66134
ero227,44.16614,12.26798
ero228,44.88547,10.3807
ero230,44.80178,10.32739
ero231,44.69781,10.6337
ero232,44.65639,10.91699
ero233,44.50075,11.32879
ero234,44.8325,11.62114
ero235,44.415,12.20003
ero236,44.22039,12.04182
ero237,44.1382,12.24364
ero238,44.05919,12.57354
ero239,44.57105,11.53379
ero241,44.41112,11.59701
ero267,44.811375,9.694018
ero245,44.47562,10.50865
ero247,44.78042,10.03873
ero249,44.70739,11.89117
ero250,44.36013,11.95861
ero252,45.04139,9.58959
ero253,45.00253,10.00494
ero255,44.62775,11.29056
ero256,44.41953,11.75408
ero257,43.95249,12.53622
ero122,44.590147299683,11.9296637624393
ero260,44.74656,11.74639
ero087,44.2599025082089,11.5596306306543
ero145,44.1093666612413,12.0869940519333
ero104,44.2010110980349,10.7634544512257
ero058,44.372638,12.032747
ero119,44.6597401383972,10.9621238708496
ero068,44.883649,10.898627
ero072,44.157932,11.791589
ero140,44.9119718895682,10.104720890522
ero277,44.83186,11.45436
ero073,44.304914,11.971373
ero280,44.935339,9.605025
ero065,44.462083,11.968411
ero121,44.0375077265821,12.6000416278839
ero080,44.7656884253988,10.887279510498
ero083,44.546885,11.067597
ero263,44.49614,11.20006
ero262,44.21978,11.75545
ero185,44.746733,11.790166
ero157,44.8371663988505,11.153998374939
ero090,44.652865,12.242021
ero034,44.470046,11.380064
ero035,44.780061,10.870257
ero240,44.56861,11.7327
ero044,44.279754,11.119485
ero271,44.789746,9.488384
ero098,44.1471245526307,11.9881922006607
ero314,44.739551,12.148843
ero315,44.669651,11.89846
ero313,44.920402,12.118393
ero139,44.2416306864881,11.2264266019338
ero143,44.559137,10.977163
ero189,45.058723,9.490983
ero190,44.58531,9.469601
ero010,44.479816,9.750086
ero287,44.565305,12.04689
ero288,44.921616,11.799938
ero191,44.644348,9.498364
ero069,44.249564338454,12.0326471328735
ero319,44.820373,11.609582
ero292,44.649503,11.749092
ero296,44.763828,11.964756
ero293,44.7245,11.625752
ero290,44.77086,11.886826
ero291,44.919311,12.172599
ero295,44.865305,11.64086
ero297,44.890569,11.536367
ero133,44.0122159221714,12.4440765380859
ero298,44.808202,11.756286
ero294,44.90206,11.93999
ero160,44.5557793164032,11.6234779288061
ero001,44.300123,10.570429
ero161,44.3466204907797,11.6854284703732
ero152,44.479585073654,11.3631312857615
ero079,44.200805,10.763733
ero340,44.390188,11.14166
ero163,44.8414956749122,11.4896321287961
ero019,44.8896272945652,11.012077331543
ero344,44.083607,12.267318
ero113,44.2258643481991,12.0388215780258
ero343,44.768969,11.662615
ero179,44.670265,10.900712
ero307,44.80957,11.898518
ero053,44.780213,10.369871
ero275,44.474972,11.394517
ero126,44.8419034294386,11.6228485107422
ero165,44.8626585909567,11.0037860865123
ero335,44.390667,11.141407
ero115,44.244969083836,11.950883120353
ero334,44.321898,12.340731
ero321,44.107356,12.191449
ero159,44.0508763538844,12.5654733181
ero049,43.9628154773357,12.7495565393474
ero196,44.869181,9.647406
ero167,44.0472767467768,12.5560716725886
ero026,44.460429,11.010086
ero316,44.060911,12.592618
ero099,44.24613359036,12.3689818390994
ero317,44.295731,11.87619
ero023,44.70122,10.53103
ero199,44.294054,10.874911
ero056,44.821948,11.67794
ero051,44.430061,11.170086
ero043,44.691716,10.845793
ero042,44.659469,10.589788
ero015,44.279939,11.580429
ero282,44.224094,12.152272
ero276,44.158418,12.45065
ero002,44.120062,12.340172
ero283,44.621263,10.891133
ero201,44.449098,10.972209
ero202,44.512932,9.888062
ero331,44.430409,12.29887
ero170,44.881756,12.058164
ero076,44.050987,12.599657
ero003,44.049969,11.850129
ero061,43.964749,12.738327
ero327,44.319466,11.607582
ero028,44.201161,12.407296
fvg014,46.4,13.17
fvg017,45.6952693521252,13.1475448608398
fvg021,46.5,13.57
fvg071,45.794377,13.453322
fvg087,45.941263,13.046568
fvg083,46.08281,12.542774
fvg066,46.061178,12.577042
fvg045,46.0309828529869,13.2033026218414
fvg063,46.190318613082,13.1560850143433
fvg030,45.9566395722905,12.4919700622559
fvg027,45.65,13.78
fvg091,45.773655,13.528295
fvg009,45.9888518499098,12.5193500518799
fvg064,46.2632349866595,12.4772071838379
fvg054,45.9723006585099,12.8159809112549
fvg032,45.9682838876226,12.6348845969187
fvg073,45.664664,13.775858
fvg046,45.7711750974103,13.1656980514526
fvg094,45.653103,13.784686
fvg096,45.944098,12.479812
fvg084,45.996061,13.304672
fvg089,45.61574,13.818404
fvg055,45.8225530960152,13.5076101869618
fvg093,45.931886,13.440762
fvg007,45.95,12.68
fvg022,46.08,13.42
fvg088,46.096106,13.128016
fvg079,45.933781,13.440099
fvg070,46.118453,13.108983
fvg006,45.88,13.03
fvg044,45.5986056357742,13.8047504425049
fvg075,46.515682,12.8659
fvg003,45.98,12.72
fvg057,46.0100778450283,12.6194286346436
fvg016,46.37,13.3
fvg085,45.971676,12.658497
fvg001,46.05,13.23
fvg072,46.01255,12.609996
fvg082,46.0978,13.083082
fvg060,45.9285278856816,13.6152821929136
fvg028,46.14,13.31
fvg090,45.626319,13.80945
fvg038,45.8051703851308,13.4972620010376
fvg086,46.150523,13.298629
fvg004,45.97,13.37
fvg005,46.3456833869408,13.1299066543579
fvg052,46.1031099217516,13.2209944725037
fvg039,45.9530592737998,13.2186126708984
fvg018,45.93,13.45
fvg049,45.9285709193684,13.6152201890945
fvg024,45.77,13.17
fvg056,45.6286546517959,13.8027334213257
fvg081,46.48258,13.02359
fvg026,46.13,13.2
fvg010,46.0449101692895,13.2505416870117
fvg067,46.080197,13.32037
fvg023,46.5099241724067,13.5328395364922
fvg050,45.7981061993893,13.3333731294988
fvg092,45.884738,13.495734
fvg031,45.97,12.45
fvg061,45.9442156912964,12.6589375734329
fvg029,46.28,12.43
fvg078,46.092306,12.503506
fvg058,46.052991864366,12.5400280943722
fvg076,46.360277,13.314648
fvg012,46.25,13.13
fvg074,46.491653,12.876616
rsm002,43.93,12.43
kk0001,42.472445,21.459078
es0003,36.7543585430777,-5.17009735107422
es0004,36.7543585430777,-5.17009735107422
es0008,37.042293,-4.856807
laz008,42.4371404453535,12.1138000488281
laz026,42.5357219889873,11.9242000579834
laz036,41.68,13.25
laz211,41.49808,13.063224
laz045,41.42,12.97
laz228,41.793536,12.488317
laz179,42.071271,12.285953
laz044,42.4,12.87
laz254,41.87004,12.420557
laz043,41.8,13.23
laz244,41.923703,12.375096
laz114,42.5557357779762,11.8875074386597
laz069,42.021912472848,12.467497587204
laz126,42.3567680206976,12.1992874145508
laz052,41.5734623664783,13.3363723754883
laz131,42.3113387528375,12.2113037109375
laz013,41.5,12.92
laz176,41.864026,13.032652
laz048,41.2614850529557,13.6205148696899
laz154,42.7918400204748,11.8947258079425
laz047,42.15,13.05
laz261,42.642245,11.983775
laz135,41.8230775783333,12.9763984680176
laz241,41.632538,13.351796
laz062,42.0775529100588,12.4478101730347
laz212,42.415147,12.113161
laz133,41.9124185795888,12.4198119342327
laz132,42.2193647634471,12.1920776367188
laz003,41.5182178101107,13.634204864502
laz161,41.9354706359879,12.5112697295845
laz153,41.744258201738,13.0006363388384
laz053,41.47,12.9
laz247,41.68804,12.82186
laz113,42.2473268521771,12.1596336364746
laz214,41.531321,13.504092
laz180,41.610796,12.50661
laz056,41.88,12.57
laz215,41.891592,12.635114
laz196,41.825374,12.477341
laz010,42.32,12.05
laz021,41.5740659411379,13.3199658372905
laz195,41.366408,13.452379
laz031,42.22,12.17
laz137,41.8657660813209,12.5764477998291
laz220,42.673808,11.871209
laz014,41.466956,13.191276
laz030,41.8670680849804,12.5048017501831
laz169,41.720574,12.684709
laz203,41.999321,12.378387
laz090,42.6863472313585,11.9059181213379
laz041,41.6869506972315,13.5806894302368
laz103,42.6444715229194,11.8554925918579
laz183,41.925169,12.525068
laz142,41.8755685749416,12.5746250152588
laz146,41.8878337062997,12.5435800541891
laz092,42.7516447377491,11.8640327453613
laz249,42.003085,12.455481
laz099,41.7305350234971,13.357286452374
laz260,41.654894,12.48977
laz222,42.120021,12.640278
laz102,42.2925166061431,12.2132778167725
laz033,41.693213,13.251818
laz184,42.194945,13.176737
laz143,41.6679109317601,12.5091361999512
laz257,41.90428,12.445226
laz230,41.894758,12.56466
laz208,41.561146,12.608133
laz221,41.553993,13.491448
laz019,41.87,12.58
laz246,41.280911,13.678351
laz235,42.054707,12.359901
laz182,42.280923,12.048352
laz166,42.4191163151969,12.7555561065674
laz101,41.8001464128917,13.3155344724219
laz165,41.4995159152724,13.5594892501831
laz200,41.728294,12.830995
laz040,41.85,13.2
laz046,41.92,12.87
laz054,41.7478016684257,13.148712166585
laz253,42.554987,12.026521
laz016,41.93,12.55
laz198,42.043183,12.299196
laz256,41.847206,12.945529
laz115,42.6501218136802,11.9640254974365
laz147,42.5536472247873,12.0050160895335
laz110,41.7901928398517,12.7580881118774
laz156,41.993259581383,12.7212048775982
laz160,41.7457572614671,13.6565852165222
laz258,41.800115,13.315166
laz173,42.1544481937667,12.4860638380051
laz207,42.38065,12.234913
laz136,41.6823355137522,13.3466720581055
laz122,42.4204997201497,11.8704414437525
laz201,42.630707,13.232802
laz252,41.824627,12.889307
laz232,41.959969,12.533052
laz096,41.7973598242408,12.4426603317261
laz150,41.6667526846545,12.7575860470097
laz095,41.5979327318847,12.9563200324992
laz177,41.956299,12.802677
laz081,41.9392004219431,12.4758875370026
laz151,41.7253314910331,12.6651256077457
laz240,42.054149,12.821025
laz025,41.65,13.3
laz239,41.628756,13.23108
laz049,41.5051385005507,12.5947952270508
laz034,42.57,11.82
laz050,41.6225822976214,13.326740026605
laz233,42.21983,11.837108
laz255,42.251856,11.763234
laz162,41.457141,13.852899
laz243,41.834708,12.564091
laz059,42.3284737553643,12.2160673141479
laz037,41.6889877627516,13.3479836583138
laz042,41.83,13.33
laz171,40.7884050527672,13.4223318099976
laz245,41.834781,12.56422
laz100,42.4165500686011,12.0761203765869
laz108,41.7855410701642,12.9432141780853
laz094,41.7864010530186,12.4387013912201
laz188,41.467124,13.559522
laz248,41.807905,12.927639
laz134,42.3636969053408,12.1589148044586
laz118,42.3016585875655,12.0956468582153
laz206,41.688073,12.819632
laz144,41.6886172099096,13.341178894043
laz197,41.639204,13.350562
laz216,41.458068,13.667441
laz039,41.7221546085253,13.6140882968903
laz104,41.6318674106975,13.5536956787109
laz006,41.33,13.15
laz063,41.5748522393168,12.9248699246091
laz168,42.0537220805491,12.617883682251
laz172,42.2997422144283,12.193502895534
laz163,41.7477504397382,12.3658418655396
laz158,41.2784434358991,13.6317694187164
laz262,41.913261,12.499956
es0002,37.194168267871,-5.77322959899902
lig009,44.3377021234296,9.26684331789147
lig018,44.4527250625144,9.02073669538368
lig012,44.12,8.25
lig046,44.3813395493631,9.10933971405029
lig007,44.35,9.23
lig004,44.3,8.48
lig052,44.4256001630567,8.95275771617889
lig075,43.981964,8.158746
lig034,43.9720632409982,8.15408706665039
lig005,43.7887738527823,7.61198901920579
lig064,44.418608,8.864789
lig062,44.515938,8.911349
lig072,44.358124,9.284906
lig076,44.537409,8.901886
lig050,44.44557664639,8.7491512298584
lig081,44.36273,8.587174
lig043,44.4003260355395,8.96133407950401
lig088,44.412675,8.977167
lig014,44.3798960485217,9.07091170549393
lig030,44.4261259726813,8.92509341239929
lig020,44.3756420190195,8.62693637609482
lig056,43.9187664148536,8.09730219771154
lig008,44.38,9.08
lig033,44.3693610572008,9.11354541778564
lig037,44.4236970566269,8.92523288726807
lig063,43.838641,7.553584
lig011,44.42,8.98
lig010,43.7926958439366,7.59620475349948
lig045,44.1142735479457,9.83495235443115
lig077,44.427879,8.781223
lig057,44.3773853328621,9.59504252663464
lig035,44.509326197436,8.88645619153976
lig047,44.4160476104163,8.93120750784874
lig053,44.4051013957662,8.99822786450386
lig016,44.4094088501931,8.9606299996376
lig060,44.4311750367074,8.84116172790527
lig051,44.145446252325,9.92164134979248
lig065,44.438524,9.105726
lig031,44.1658289815979,8.27493667602539
lig082,44.184275,8.392069
lig061,44.415826,8.868679
lig017,44.239592,9.485595
lig058,44.5370930372117,8.99820276070386
lig087,44.428757,8.827851
lig048,44.1090045985169,9.81855869293213
lig054,44.253441,9.500647
lig066,44.38503,9.017683
lmb220,45.634373,9.024983
lmb139,45.7984388100915,9.14834976196289
lmb184,45.74,9.59
lmb083,46.1,9.55
lmb033,45.82,9.17
lmb021,45.653115743009,9.19899523258209
lmb097,45.75,9.33
lmb281,46.2985857496162,10.2738529443741
lmb041,45.67,9.18
lmb040,45.73,9.13
lmb292,45.9030601255896,8.8654088973999
lmb238,45.6558361074399,9.30796533823013
lmb091,45.68,9.75
lmb211,45.1987924082145,8.91699314117432
lmb223,45.7475517327784,9.59496974945068
lmb353,45.610882,8.99071
lmb002,45.93,9.47
lmb345,45.746918,9.552929
lmb337,45.108616,10.039012
lmb254,45.498165533605,9.24053192138672
lmb044,45.67,8.78
lmb287,45.6072327415985,9.23601651156787
lmb179,45.5100361481069,9.5751686085714
lmb138,46.17,9.9
lmb132,45.58,9.3
lmb265,45.4149408933979,9.27789974230109
lmb127,46.1,9.58
lmb343,45.977557,10.332933
lmb046,45.52,9.52
lmb267,45.3384213959958,9.27087306976318
lmb213,45.422883338288,9.30657863616943
lmb230,45.7572912199392,9.13476705551147
lmb310,45.178522,9.651866
lmb273,45.4486910768896,10.2359962463379
lmb090,45.63,10.2
lmb183,45.7,8.9
lmb320,45.582202,9.148175
lmb140,45.15,8.83
lmb350,44.948366,10.818725
lmb175,45.07,8.85
lmb210,45.2917958013336,9.71054077148438
lmb181,45.11,9.87
lmb370,45.835739,10.093988
lmb096,45.3046556210509,9.49574947357178
lmb268,45.4814381569784,9.20718669891357
lmb006,45.6095043923698,9.89370346069336
lmb322,45.16768,9.446784
lmb290,45.8575285821831,9.11693581936561
lmb331,45.957898,9.976039
lmb338,45.666702,9.160344
lmb198,46.215202511812,10.1719022244106
lmb165,45.7553374698678,9.81564044952393
lmb277,45.7067487014056,9.00093555450439
lmb169,45.7,9.67
lmb294,45.8689333623769,9.28961920668371
lmb240,45.7689075087836,9.18253719806671
lmb249,45.1518704315202,9.92863655090332
lmb174,45.7950677304652,9.13181662559509
lmb110,45.72,9.14
lmb319,45.502191,9.60631
lmb224,45.5904414406018,9.26573395729065
lmb332,45.38293,10.37715
lmb358,45.726016,9.900189
lmb293,45.616052385764,9.30856347084045
lmb259,45.5678983435621,9.26895260810852
lmb333,45.748,9.140343
lmb142,45.73,9.43
lmb128,45.7,9.03
lmb121,46.03,9.32
lmb073,45.784751,9.830234
lmb206,45.4308648213933,9.20062065124512
lmb253,46.0530712856299,9.39318180084229
lmb360,46.020658,9.364189
lmb366,44.950836,9.032439
lmb039,45.155054,9.693347
lmb327,45.561932,9.149228
lmb346,45.123225,9.027023
lmb298,45.527605,9.208764
lmb197,45.948285182663,10.2986526489258
lmb340,44.976171,11.20834
lmb368,45.794718,9.829647
lmb062,45.52,10.15
lmb302,45.811901,9.571967
lmb120,45.82,8.8
lmb063,45.62,9.37
lmb067,45.15,9.37
lmb043,45.08,9.0
lmb070,45.72,9.22
lmb334,45.928915,9.243941
lmb301,45.772427,9.45437
lmb080,45.6538431862759,9.17903423309326
lmb098,45.38,9.57
lmb038,45.77,8.97
lmb300,45.789283,8.903552
lmb116,45.53,9.03
lmb115,45.4,8.92
lmb314,45.544886,8.760987
lmb131,45.67,9.97
lmb028,45.08,10.15
lmb061,45.83,8.62
lmb255,46.4596195410254,10.4284849762917
lmb339,45.61029,9.157306
lmb119,45.17,9.17
lmb055,45.42,9.15
lmb129,45.8,9.88
lmb361,45.574874,9.105782
lmb167,45.5381436785791,9.2096221446991
lmb326,45.453653,9.13369
lmb348,45.488531,10.531628
lmb074,46.1618502175961,9.91524696350098
lmb010,45.6606793788931,9.1312962770462
lmb241,45.874768271882,9.65175479650497
lmb031,45.63,10.27
lmb315,45.738411,9.578911
lmb335,45.90774,9.929117
lmb191,45.305512838482,9.49406290106708
lmb291,44.9485913922514,10.818561745109
lmb362,45.580842,9.119532
lmb042,46.1622366305801,9.86147403717041
lmb325,45.687912,9.106137
lmb285,45.1780362443659,9.31878805160522
lmb137,45.32,10.58
lmb094,45.55,9.65
lmb344,46.330039,9.819674
lmb015,45.1459078774521,10.7622671127319
lmb082,45.48,10.13
lmb193,46.067644367006,10.3482332825661
lmb236,45.7948651352105,9.45987895131111
lmb054,45.47,9.13
lmb364,45.616432,9.280887
lmb303,45.776737,9.463389
lmb214,45.1729916181952,10.6765651702881
lmb369,45.569056,8.798895
lmb231,45.8555087274412,9.38912344048731
lmb243,45.6005553581391,9.58928060601465
lmb087,45.7895051283137,9.27142292261124
lmb288,45.282193,10.647141
lmb308,46.154443,9.887491
lmb286,45.619500563202,9.2860221862793
lmb359,45.653095,9.282214
lmb072,45.5,10.13
lmb251,45.2632885314969,8.865966796875
lmb307,45.925586,10.247174
lmb330,46.154321,9.792413
lmb124,46.47,10.38
lmb257,45.7427702653595,9.81369987130165
lmb263,45.4702356616205,9.13609028561041
lmb122,45.77,9.93
lmb225,45.7267083130998,9.41868424415588
lmb349,45.772506,9.454162
lmb304,45.900552,10.218922
lmb282,45.7176974693084,10.307563260285
lmb371,45.489612,9.362524
lmb185,45.17,9.7
lmb106,45.83,9.67
lmb109,45.85,9.37
lmb112,45.35,9.17
lmb101,45.43,9.12
lmb095,45.13,9.12
lmb180,46.13,9.45
lmb250,45.4722262015852,9.24029588699341
lmb099,45.7,9.21
lmb372,45.627055,9.326476
lmb130,46.22,10.15
lmb323,45.610489,8.894846
lmb182,46.53,10.17
lmb026,45.92,10.93
lmb341,45.60308,9.896603
lmb113,45.54,10.22
lmb189,45.8712959854503,8.631070822521
lmb201,45.7774011372798,9.19307827949524
lmb136,45.6907728811336,9.20547008514404
lmb228,45.3675843688498,8.7890625
lmb166,45.7123788652215,9.26441431045532
lmb134,45.75,9.25
lmb190,45.5038023823698,9.08886980992975
lmb114,45.64,9.21
lmb170,45.5962634778286,9.261474609375
lmb171,45.5789307234111,9.30211007595062
lmb076,45.63,9.4
lmb051,45.47,9.12
lmb032,45.55,8.78
lmb221,45.6398596219671,10.6068963994039
lmb053,45.78,8.88
lmb207,45.6723635579444,9.085693359375
lmb352,45.405303,9.035683
lmb057,45.8,9.12
lmb049,45.38746,9.1514
lmb058,46.13,9.47
lmb084,45.76665479646,9.13201510906219
lmb242,45.9021681894541,9.3358792662184
lmb297,46.315095,9.899563
lmb024,45.83,8.83
lmb086,45.65,10.05
lmb107,45.78,9.08
lmb118,45.82,8.62
lmb102,45.68,9.72
lmb105,45.6,8.82
lmb030,45.72,9.67
lmb065,45.53,9.98
lmb188,45.6576677325469,10.1342010498047
lmb045,45.32,9.55
lmb009,45.8,9.22
lmb056,45.51976,9.36553
lmb117,45.7034819724829,10.3149819374084
lmb313,45.974085,10.078288
lmb071,45.92,8.85
lmb077,45.68,9.32
lmb168,45.2991316896347,9.52012538909912
lmb081,45.6,9.13
lmb079,45.7237985265742,9.60908889770508
lmb235,45.6227721960131,9.14222359657288
rsm001,43.97,12.47
mrc009,42.9627981158611,13.8729858398438
mrc043,43.522352,13.217325
mrc012,43.75,13.1
mrc017,43.9649798016132,12.7883520105388
mrc058,43.651908,13.332908
mrc015,43.3044442742226,13.437352180481
mrc045,43.5249972926384,13.202862739563
mrc044,43.088003,13.581051
mrc016,43.1468813831674,13.816183086019
mrc013,43.4394355169164,13.3666867017746
mrc008,43.47,13.53
mrc060,42.970221,13.873729
mrc034,43.3758572848731,13.2190418243408
mrc028,43.8010377376807,12.6225185394287
mrc031,43.7385110351537,13.1098759174347
mrc033,43.2601950388688,13.0330648024392
mrc041,43.5221139409698,13.21791739648
mrc024,43.1582358437749,13.7337684631348
mrc057,43.71188,13.223393
mrc036,43.0902860507497,13.3417958021164
mrc004,43.72,12.63
mrc054,43.253296,13.754664
mrc003,43.3,13.45
mrc047,43.401823,13.007046
mrc029,43.8481809867747,12.7895933389664
mrc002,43.52,13.48
mrc049,43.567731,13.516092
mrc027,43.4394510973642,13.3666330575943
mrc040,43.5795825566778,13.0305576324463
mrc053,43.74429,13.118843
mrc048,43.504856,13.284393
mrc046,43.573887,13.519619
mrc037,43.0430490375862,13.8158226013184
mrc042,43.559099,13.249374
mrc039,43.9664302769233,12.7529114484787
mrc059,43.715316,12.856609
mrc010,43.48,13.5
mrc050,43.852257,13.016701
mls001,41.57,14.68
mls014,41.556329,14.745186
mls005,41.5487145467612,14.6947503089905
mls019,41.594546,14.659858
mls013,41.560439,14.616032
mls017,42.006181,15.001013
mls011,41.662461,14.968829
mls003,41.5847110508079,14.186469555425
mls004,41.6017729510947,14.2398262023926
mls029,41.407144,14.618554
mls032,41.551991,14.671032
mls031,41.814877,14.387469
mls007,41.5268589075195,14.5583485811949
mls030,41.460498,14.722109
mls021,41.492603,14.620442
mls020,42.008228,14.820104
mls015,41.638206,14.58276
mls025,41.622611,14.471985
mls012,41.834334,14.265554
mls028,41.611545,14.66357
mls027,41.65511,14.05728
mls010,41.583615,14.189964
mls024,41.780129,14.551985
mls008,41.996115244862,14.9985265731812
mls022,41.815993,15.014301
mls002,41.5280175260793,14.1490602493286
mls006,41.4633044728249,14.3953732251248
mls026,41.806223,14.36678
es0005,39.6141851370781,3.28718662261963
pmn126,45.964366,7.919168
pmn053,44.6974572663334,8.03645610809326
pmn099,45.074338883561,7.63785839080811
pmn043,45.38,7.88
pmn109,45.3974103448917,8.71918559074402
pmn114,45.561114,8.103266
pmn147,45.470331,8.694344
pmn074,44.9597390031631,8.66241645882837
pmn012,45.07,7.52
pmn089,45.0468444286297,7.46353626251221
pmn093,45.5244614903639,7.98516440321691
pmn104,45.5206293605785,7.85129642521497
pmn142,44.650038,7.670915
pmn050,44.7715992206989,8.79352569580078
pmn070,44.5777917977501,7.99722772830137
pmn079,45.2815883820886,7.62122583459131
pmn031,45.1604499666903,7.89060026407242
pmn021,44.55,7.73
pmn040,45.0232498962226,7.75222778320312
pmn046,45.35,7.68
pmn072,45.2207063278609,7.49319219554309
pmn038,44.72,8.28
pmn117,45.012116,7.505379
pmn036,45.769618478835,8.08259010314941
pmn131,44.196876,8.032542
pmn048,45.2368823800024,7.57189750671387
pmn122,45.051781,7.681509
pmn098,44.709225,8.555295
pmn127,44.699493,8.069335
pmn130,44.196999,8.032714
pmn113,45.428545789789,7.79037952423096
pmn132,45.048991,7.630739
pmn088,44.4837390538722,7.87045955657959
pmn106,45.991638,8.645972
pmn115,45.498986,8.338199
pmn151,44.916716,7.26107
pmn007,44.949018435142,8.6692829139065
pmn103,45.0519077965556,8.04911613464355
pmn081,45.2806200971905,8.08016966097057
pmn152,45.400761,8.093504
pmn154,45.037275,7.513795
pmn009,45.2270675838818,7.53986656665802
pmn155,45.496786,8.671994
pmn150,44.919325,7.251378
pmn105,45.7416518164454,8.41084957122803
pmn097,45.5382025448207,7.94789439436499
pmn145,44.76372,8.62305
pmn061,45.1355286704991,8.46562027931213
pmn102,44.6999276543733,7.19753390541882
pmn028,45.04,6.85
pmn047,45.42,8.73
pmn100,45.0109938851453,7.84196376800537
pmn140,44.800109,8.790624
pmn041,44.95,7.97
pmn049,44.98,8.67
pmn119,45.540696,8.10082
pmn068,45.2360917434468,7.52666518097612
pmn042,45.32,7.53
pmn096,45.0083239110413,8.63409519195557
pmn076,45.46542817465,8.61744403839111
pmn035,45.07,7.57
pmn141,44.231852,7.106537
pmn064,45.2361873154932,7.50671982765198
pmn002,45.05,8.22
pmn156,45.488897,8.085195
pmn033,45.4732569320914,8.46355497837067
pmn024,45.8,8.12
pmn118,44.942561,8.204504
pmn134,45.676166,8.202273
pmn120,45.716096,8.459962
pmn101,45.6573377819876,8.40089321136475
pmn128,46.106589,8.292051
pmn125,45.763841,8.554144
pmn123,45.930224,8.43792
pmn124,45.961258,8.41835
pmn054,45.560969,7.989335
pmn121,45.662482,8.092219
pmn095,45.4235459949357,7.59580135345459
pmn116,45.464851,7.998302
pmn138,44.954133,8.05925
pmn153,46.23706,8.321296
pmn146,46.422282,8.349178
pmn143,44.754335,8.617935
pmn016,45.0,7.63
slv001,45.7,13.92
es0010,28.140702,-15.429254
pgl054,41.1104770279714,16.8807799823117
pgl182,40.0878,18.065224
pgl002,41.35,15.27
pgl102,40.8198908213053,16.5570643544197
pgl077,41.3054725836611,16.2842273712158
pgl144,40.551519,17.711032
pgl074,40.8272545646559,16.5539932250977
pgl079,41.1890539635459,16.5978527069092
pgl154,40.007072,18.166142
pgl121,41.354971,16.082976
pgl040,41.88,16.17
pgl029,41.12,16.88
pgl011,41.18,16.67
pgl141,40.170823,18.173355
pgl094,40.3100979977789,18.195161819458
pgl044,41.3189466975156,16.2877088785172
pgl149,40.321411,17.964331
pgl167,40.154908,18.014938
pgl148,41.100782,16.861706
pgl170,41.117212,16.390347
pgl137,40.744938,17.204062
pgl166,40.163265,18.011393
pgl019,40.3451376790894,18.1321620941162
pgl008,41.454735,15.530921
pgl126,41.820155,15.99169
pgl114,40.4534589240131,17.2584400171763
pgl004,40.4036012945635,17.2619419055991
pgl110,41.050952,17.080168
pgl116,40.334117,18.112912
pgl072,41.0438713240597,16.8865535262739
pgl159,40.616246,17.915849
pgl015,40.7387381414161,17.4403667449951
pgl089,40.5269506423457,17.5910525323707
pgl082,40.7618903137782,17.3239045144874
pgl105,40.6194904015301,17.9221773147583
pgl156,41.341925,15.196662
pgl138,40.386756,17.626738
pgl131,40.620555,17.923085
pgl158,40.846098,17.35225
pgl124,41.762545,15.727793
pgl107,41.2991213778667,16.0700798034668
pgl014,40.1,18.02
pgl021,40.43,18.04
pgl169,40.827442,17.317991
pgl136,40.962187,17.28562
pgl118,40.014823,18.371879
pgl084,40.7907812860619,17.587876796897
pgl022,39.94,18.12
pgl132,40.606897,17.221801
pgl135,40.726438,17.581278
pgl034,41.02,16.22
pgl171,41.313053,16.281519
pgl020,40.18,18.2
pgl129,40.953229,17.296282
pgl025,41.052826,17.081924
pgl119,40.890642,16.845463
pgl027,40.0628725616864,18.4424571949057
pgl168,41.106163,16.688619
pgl123,40.825124,17.488181
pgl128,40.453431,17.258274
pgl060,41.7039903553714,15.7247722148895
pgl031,39.85,18.31
pgl088,40.6955463303486,17.3276381494361
pgl032,41.27,16.42
pgl030,41.9491910672978,16.0147232998861
pgl090,40.7471117403629,17.4222664834815
pgl151,40.053301,17.992177
pgl164,40.277718,18.429166
pgl160,40.310971,18.209484
pgl047,41.0869852110673,17.0004844665527
pgl036,40.0736579353737,18.0991201393772
pgl095,40.8863621862636,17.1636915206909
pgl035,40.35,18.23
pgl176,40.430872,17.817418
pgl179,39.939481,18.118162
pgl042,40.96,17.11
pgl143,40.619166,17.92403
pgl147,40.637115,17.93321
pgl098,41.0398080542591,16.8233728408813
pgl087,40.670062214908,17.4948892596876
pgl091,40.8340130089747,17.3637299539405
pgl142,39.94492,18.208218
pgl146,40.386736,17.626776
pgl007,41.07,16.92
pgl106,41.6973336496676,15.2817249298096
pgl006,40.7546368914885,17.3283576965332
pgl178,39.883075,18.338757
pgl130,41.266009,15.893292
pgl016,40.7381528388229,17.4120426177979
pgl139,40.143628,18.08014
pgl092,40.6781298394529,17.3515849115211
pgl180,40.852116,17.10649
pgl125,41.051208,16.705928
pgl045,40.7861955343362,17.1233510971069
pgl039,40.4510880772472,17.2542171436362
pgl177,40.705289,17.339551
pgl012,40.02,18.23
pgl013,40.82,17.12
pgl173,41.315582,16.259186
pgl155,40.688243,17.414385
pgl140,40.068452,18.158628
pgl111,41.7799489002906,15.8336846530437
pgl101,40.8509883425218,17.1303462982178
pgl100,41.8950259661843,15.9561824798584
pgl041,41.05,16.91
pgl104,40.7981477358162,16.7831497639418
pgl033,41.2,16.6
pgl049,40.373489810872,18.0509233474731
pgl068,40.8843384359309,16.7662632465363
pgl023,40.1,18.3
pgl038,40.81,16.47
pgl075,40.6529689918461,17.7083730697632
pgl026,40.726348137416,17.5787687301636
pgl028,40.3,18.13
pgl024,40.7803139578961,17.2393083572388
pgl005,41.13,16.53
pgl018,40.67,16.93
pgl103,40.7788949358909,17.4765636926168
pgl067,40.1739970374781,18.2954889534813
pgl080,40.3561267714391,18.16490650177
pgl073,40.3338043929144,18.1208760736627
srd027,40.7301531872615,8.98419857025146
srd048,39.435654,9.582387
srd013,40.6761141096036,8.58535408973694
srd009,39.3,9.06
srd050,39.565288,8.982779
srd041,39.224036,9.134022
srd029,40.5797167113965,9.2496394961745
srd038,39.393332,9.080758
srd010,39.91,8.59
srd034,39.1503060308477,8.95971536636353
srd026,39.5500519894884,8.78571510314941
srd006,40.87,8.23
srd039,39.700705,9.003977
srd015,40.5831530099167,9.00346898997668
srd032,39.8113689528734,9.2729244226939
srd037,39.225202,9.104054
srd031,39.3600507180905,9.00226593017578
srd040,39.164933,9.386967
srd042,39.250728,9.17156
srd024,39.5464119196867,8.646240234375
srd035,39.4775455696362,9.10152912139893
srd005,39.27,9.05
srd045,39.236269,9.187181
srd043,39.340405,8.91171
srd025,39.3051559036738,8.5229766368866
srd046,40.9145,8.780063
srd011,40.77641,9.55457
srd049,40.379276,9.6975
srd051,39.107306,8.512172
srd036,40.475093,9.381809
br0002,-21.310326,-45.265732
br0001,-22.316413,-45.33268
scl015,37.77,15.17
scl133,35.527437,12.538544
scl085,37.449497,15.044661
scl046,37.6259374799272,15.0256490707397
scl098,37.571158770475,14.6833620057441
scl009,38.13,13.35
scl110,37.214489,14.529178
scl002,37.88,14.02
scl044,37.5527517862012,15.0896948575974
scl123,37.621848,15.045791
scl017,37.57,15.1
scl116,38.171205,15.308277
scl018,38.1422524503764,15.2053785324097
scl004,37.58,14.97
scl030,38.13,13.32
scl067,37.7937322957646,15.0363618135452
scl073,37.975581,13.700367
scl093,38.0771407557921,13.5044128596564
scl120,37.565173,14.89798
scl007,37.727455,12.893836
scl115,38.20183,15.320498
scl078,35.8716641590076,12.8633379936218
scl028,37.5664060769954,15.16397711639
scl026,36.957436597332,14.532036781311
scl021,37.55,15.08
scl092,38.4816287396697,14.923757314682
scl025,38.154826,14.840042
scl032,37.55,15.08
scl023,37.63,14.93
scl088,38.1129919961793,13.3111408352852
scl012,38.13,13.18
scl126,38.11817,15.079321
scl097,37.6011411026283,15.0494695908856
scl059,37.7842234242815,14.8305210471153
scl024,37.7009229904239,14.9998730421066
scl016,38.18,13.3
scl108,38.180531,13.235258
scl062,37.6169373584804,15.0867199302593
scl054,37.9557752854701,13.420604467392
scl011,38.12,13.37
scl033,37.78,14.83
scl037,38.1805003679656,13.2352477312088
scl104,38.0835959579433,13.5146657827136
scl118,37.476926,13.969039
scl013,38.15,15.22
scl022,37.82,13.3
scl100,36.7653262963374,14.639196395874
scl029,38.0,13.23
scl103,37.5139299852027,15.0441160798073
scl089,37.5080194382831,15.0773996114731
scl057,37.2147796093121,14.5295476913452
scl001,37.5485753503568,15.0556361675262
scl040,38.0776055403843,13.3314263820648
scl063,37.6468185602573,15.1535567343672
scl087,38.1559252495836,15.2232842473313
scl081,37.8714296420622,14.9543538098806
scl019,36.72,14.83
scl058,37.2626117604325,15.2166223526001
scl064,37.2254078022815,15.221471786499
scl066,37.2945057561008,15.0093197822571
scl069,38.1207281253997,13.3584415912628
scl014,36.937104,14.520559
scl084,37.2143011345338,14.5291185379028
scl090,37.5773695707073,13.2169890412479
scl112,38.154086,14.851153
scl008,37.53,15.1
scl010,38.1,13.33
scl071,37.3257250404004,14.4479522109032
scl005,37.547427002131,15.0838959217072
scl036,38.2653770857996,15.6409692764282
scl094,37.628335685555,13.6276395319146
scl113,37.519832,15.051755
scl128,37.765093,15.059716
scl006,36.95,14.6
scl083,37.6217587751629,15.0454223155975
scl105,37.370157,14.853516
scl065,37.1645317416746,15.0408732891083
scl095,38.1485469362344,13.18539083004
scl099,38.1465163346413,15.2138242716319
scl114,37.493894,14.051541
scl132,35.506712,12.617034
tsc126,43.880511,10.78463
tsc129,43.767177,10.824561
tsc002,43.2,10.9
tsc184,43.728002,10.400361
tsc061,42.7671471290476,11.1022424697876
tsc116,42.7893856541817,10.9428066015244
tsc124,43.098809,11.916642
tsc156,43.764655,10.378875
tsc154,44.080509,11.116473
tsc149,43.006154,10.851145
tsc082,43.8449273213937,10.9856843948364
tsc197,43.896939,10.72446
tsc098,43.6432106396333,10.6200805306435
tsc024,43.729046860846,11.4366556404275
tsc147,43.776588,11.271056
tsc051,43.829490949106,11.0264976022881
tsc177,44.009118,10.095935
tsc182,44.322489,9.984253
tsc190,43.780196,10.976114
tsc092,43.1789564677902,11.7804336547852
tsc039,43.71,10.4
tsc114,43.7239711217961,10.520396232605
tsc185,43.092937,11.78101
tsc141,43.939557,11.021682
tsc130,43.717111,10.704685
tsc070,43.533212,11.461119
tsc160,43.738715,10.399169
tsc162,43.042514,11.8096
tsc100,43.7339105350596,10.7953785360951
tsc117,42.9409911278498,11.8710064888
tsc153,43.58766,10.477589
tsc087,43.6754145862938,10.7305097579956
tsc138,43.933753,11.128292
tsc009,43.7223583733033,11.4520829916
tsc042,43.8931259419608,10.6564407795122
tsc159,43.940544,10.315859
tsc109,44.0394185415339,10.8707463741302
tsc192,43.761751,11.290811
tsc073,43.020488080929,11.8914502859116
tsc093,43.2558304507587,11.8269968032837
tsc099,43.6884185613659,10.4979622364044
tsc034,43.08,11.55
tsc118,43.5799556190709,10.444221496582
tsc194,43.814076,11.018225
tsc172,43.434177,11.829232
tsc102,43.9917647597838,11.1389865875244
tsc198,43.55864,10.335203
tsc048,43.8855525192174,10.2311038970947
tsc026,43.62,10.63
tsc095,43.5358799302101,10.3403452633938
tsc004,43.38,10.45
tsc036,43.58,11.63
tsc083,43.7082139499253,10.4582977294922
tsc196,43.821477,11.12723
tsc043,43.9,11.03
tsc041,43.7,10.83
tsc033,42.75,10.23
tsc195,43.862817,11.014576
tsc084,43.9345876199129,11.4599847793579
tsc097,43.9665654125416,11.1037015914917
tsc180,43.910027,10.435782
tsc031,43.7914814789189,11.0662364959717
tsc135,43.700041,11.820174
tsc121,43.775523,11.198246
tsc133,44.091099,11.160264
tsc105,43.961067075188,11.1465740203857
tsc091,43.203232175791,11.729058267083
tsc003,43.8802941528848,11.1111688613892
tsc119,43.5736238150882,10.5102579121012
tsc104,43.4320482448874,11.8893632142863
tsc132,43.989719,10.125747
tsc113,43.050076,11.962268
tsc107,42.8448132944938,10.9960189461708
tsc163,43.659485,11.184264
tsc103,43.7869583731156,10.8326482772827
tsc069,43.8913485567997,10.2376549254404
tsc040,43.6922664526159,11.4509564638138
tsc028,43.78,11.05
tsc027,44.0,11.0
tsc110,43.7076167708891,11.3420695066452
tsc060,42.8929445403349,10.9893321990967
tsc161,43.719673,11.664258
tsc137,43.698757,11.468945
tsc140,43.832695,11.136538
tsc169,43.959494,10.953801
tsc085,42.7963138739967,11.1488485336304
tsc191,43.021563,11.937716
tsc179,43.682884,11.532809
tsc038,43.718089,10.378795
tsc029,43.9356074672469,10.9912633895874
tsc108,43.410226812089,11.8511044979095
tsc111,43.2472072848254,11.8165603280067
tsc166,43.708507,11.822853
tsc050,43.9395424716414,11.0207533845096
tsc188,43.670941,11.513845
tsc101,43.8122619372333,11.4001474231372
tsc012,43.85,11.03
tsc144,43.674246,10.750639
tsc035,43.53,11.87
tsc019,43.97,10.18
tsc072,43.8789640219722,11.1002254486084
tsc037,43.77,11.43
tsc030,43.67,10.87
tsc122,44.1567045780228,11.4402168989182
tsc062,44.1709635795905,11.3439960451797
tsc001,43.7044291302051,10.3984308242798
tsc189,44.042221,11.151826
tsc183,43.779922,11.253043
tsc128,43.74064,10.97391
tsc155,43.116004,11.86165
tsc176,42.453931,11.180637
tsc134,43.092986,11.781126
tsc075,43.5329937800598,10.3041458129883
tsc157,43.116003,11.861652
tsc158,43.795633,10.574128
tsc017,43.8479914201767,10.5230140686035
tsc136,43.889815,11.084425
tsc007,43.760811,11.288963
tsc146,43.774599,10.409066
tsc077,43.7960778119565,11.146802008152
trn086,46.43322744,10.88923955
trn176,46.07185136,11.13565308
trn175,46.016128,11.12606492
trn023,46.7,11.93
trn154,46.39070933,11.11886203
trn142,46.05251107,11.24035332
trn141,46.36444875,10.67820972
trn144,46.33652883,10.61397169
trn145,46.340866,10.612486
trn146,45.94061606,10.64240944
trn148,46.15647979,10.7574828
trn149,46.24490223,10.83451876
trn150,46.24969558,10.81389542
trn151,46.29784352,11.59824667
trn140,46.33839033,11.79979094
trn139,46.26251044,10.59682317
trn138,45.91869117,11.20608489
trn136,45.75899779,11.1747177
trn135,46.41894361,11.19745142
trn133,46.40440064,11.61349144
trn127,46.01365069,11.05486939
trn126,46.02190281,11.03987806
trn123,46.38363633,11.6645808
trn120,46.31340453,10.79582897
trn118,46.35159801,10.91841055
trn116,45.94027203,11.25371981
trn113,45.97995773,11.59022155
trn112,46.00640917,11.6565163
trn111,46.14748645,10.77548671
trn110,46.22350556,10.58311366
trn108,46.4377051,11.12962713
trn107,45.91534926,11.16435266
trn105,46.17228644,10.81265657
trn104,45.97147431,10.56251725
trn103,46.05293072,10.51419124
trn064,45.9199604016972,11.1864423751831
trn101,46.14332785,11.03732905
trn077,46.223167,11.314235
trn100,46.25052139,11.49150631
trn099,45.97016081,11.23413775
trn097,46.28478205,11.45171306
trn095,46.51036973,11.04391554
trn094,46.42261772,10.69935939
trn061,46.670775492024,11.1670231819153
trn014,46.062794,10.990514
trn195,46.447309,11.639911
trn199,46.310588,11.60715
trn013,46.1385117882354,11.100697517395
trn213,46.413053,11.670452
trn033,45.905823,10.845707
trn066,46.126101,11.24827
trn062,46.7027245481282,11.9316244125366
trn053,45.8505685608488,11.077461540699
trn215,45.985624,10.674544
trn068,46.164544,11.010257
trn002,46.35,10.92
trn079,45.73923692,11.06535547
trn004,46.41954,11.67456
trn196,46.061923,11.120407
trn128,46.21962647,10.88941811
trn010,46.17,11.17
trn007,46.32,11.6
trn059,46.543661051081,11.5632820129395
trn035,46.28,11.43
trn046,46.3066833677397,11.4583539962769
trn032,45.92,10.88
trn012,46.12,11.1
trn038,45.77,11.0
trn050,45.9118244270544,10.9003579616547
trn201,45.851444,10.983412
trn037,46.5584766850436,11.728720664978
trn024,46.5845712833357,11.7452645301819
trn192,46.26060621,11.59758976
trn043,46.5851169379511,11.7453718185425
trn020,46.5539025682933,11.7995309829712
trn025,46.5391594848648,11.7532682418823
trn045,46.2843258425885,11.5143156051636
trn191,46.15635256,11.07973339
trn028,46.55772419556,11.7638254165649
trn027,46.5639208568829,11.7431616783142
trn031,46.5319119171558,11.7505860328674
trn204,46.039399,11.300039
trn197,46.23702,10.834905
trn003,46.17,11.17
trn017,46.596858241867,11.7241448163986
trn055,45.8795205577115,11.0333640573663
trn026,46.5748813124281,11.676310300827
trn056,46.7366841834633,12.1689891815186
trn207,46.113843,11.248487
trn193,45.97155306,10.74191579
trn214,45.915014,10.84402
trn205,45.913538,11.233827
trn040,46.31,11.6
trn071,46.26355,11.861698
trn060,46.2643846622701,11.8488916754723
trn072,46.267644,11.777584
trn069,46.359777,10.928722
trn070,46.264209,11.805316
trn073,46.241294,11.77724
trn063,46.1981908801758,11.1267900466919
trn019,46.32,11.61
trn088,46.25977975,11.02837922
trn089,46.14967869,11.73477353
trn090,46.47831772,11.76685208
trn091,46.47196389,11.84900556
trn092,46.191875,11.68383511
trn093,46.26304408,11.33626355
trn096,46.05717778,11.6299111
trn098,46.17062753,11.21801939
trn030,46.3,11.45
trn203,45.934301,11.100272
trn058,46.7673915005713,12.0185244065942
trn102,46.36116748,11.0399028
trn106,45.98403497,10.94136931
trn109,45.86389294,10.64629331
trn115,46.13973813,11.22357624
trn114,46.20029744,11.79354069
trn039,46.0131179808924,11.2978935241699
trn117,46.01056242,11.30491106
trn119,46.44366668,11.881232
trn121,46.15460594,11.81281575
trn122,46.18722699,11.10461227
trn124,46.14159931,10.95755811
trn125,46.0591135,10.75167519
trn129,46.16684636,11.35086506
trn130,45.85533342,10.93137114
trn131,46.11658975,11.66289737
trn132,46.19562158,11.91511022
trn134,46.17502611,11.4402206
trn137,46.29797097,11.78696952
trn143,46.45900643,11.86283215
trn153,46.17396633,10.89116986
trn018,46.05,10.77
trn170,45.87957178,11.15100344
trn171,46.04113243,10.7308802
trn172,46.19948297,11.86602072
trn173,45.87017291,10.87753798
trn174,45.84165856,10.68414239
trn179,46.32064658,11.10164465
trn181,46.13348288,10.8813554
trn041,45.9,11.03
trn182,46.03205203,10.64052914
trn184,46.13878774,11.83917348
trn185,46.00606975,11.37873464
trn016,46.28,11.47
trn084,46.08108786,11.55710853
trn022,46.27,11.33
trn155,46.09598926,11.40218732
trn156,45.89105367,10.95222708
trn159,46.45390967,11.00853108
trn160,46.06625667,10.91133038
trn161,46.26159587,11.79625262
trn164,46.21126865,11.2894168
trn167,46.05804607,11.47747769
trn168,46.11555056,11.49443342
trn169,45.91923267,10.83114219
trn190,46.08098391,10.66068115
trn087,46.49093755,11.65755015
trn147,46.13355908,11.599852
trn152,46.40048031,10.84438525
trn194,46.049432,11.463381
trn011,45.9795778277832,11.2377691268921
trn206,46.189648,11.830869
trn200,45.964987,10.809996
trn209,46.014692,10.812494
trn009,46.1,11.1
trn008,46.03,11.05
trn211,46.650288,11.134403
trn212,45.890217,11.006437
trn047,45.7356614158222,10.9378123283386
trn078,45.78613814,11.02374457
trn080,45.96782575,11.09174056
trn186,45.78023221,11.12298154
trn183,46.18148794,10.63482092
trn042,45.9800251635448,11.5914344787598
trn065,46.360671,11.56002
trn157,45.89643672,11.04378514
trn158,45.80753558,11.05786619
trn162,46.06526249,10.98027751
trn163,46.10709297,11.30223033
trn165,46.21988839,11.04666918
trn166,45.84673863,10.56225302
trn187,46.22799303,10.58013033
trn188,46.28404336,10.69462705
trn189,46.42438453,11.63606489
trn180,46.24572072,11.41453025
trn075,46.007201,11.109236
trn074,45.948587,11.107341
trn178,46.09564639,11.10130522
trn177,46.06409047,11.1381853
trn081,45.92226836,10.88303511
trn082,45.91037378,10.88713268
trn083,45.89562846,10.72502501
trn085,45.823933,10.959814
mbr006,42.98,12.32
mbr015,42.5073755380709,12.6483922015177
mbr016,42.5440760741362,12.4522075708956
mbr012,42.68,12.1
mbr031,43.239723,12.814576
mbr005,42.6,12.6
mbr036,42.938839,12.712835
mbr029,42.5217032495633,12.6139869668987
mbr011,42.58,12.6
mbr008,43.47,12.25
mbr038,43.131709,12.042294
mbr037,42.973857,12.081637
mbr028,42.7106644720077,12.0987796783447
mbr021,42.9875719019312,12.165641784668
mbr001,43.25,12.77
mbr033,42.718284,12.822804
mbr003,42.95,12.7
mbr004,43.3,12.33
mbr035,43.029445,12.89313
mbr020,42.8262537559098,12.7237129211426
mbr026,42.7828188754891,12.1194219589233
vda006,45.8647915567104,7.30110168457031
vda010,45.649868,7.151273
vda007,45.6822323380511,6.88552558422089
vda002,45.72,7.28
vda012,45.714834,7.273541
vda008,45.6160486335512,7.36002445220947
vnt051,45.53,11.35
vnt110,45.6447382154177,11.9903326034546
vnt291,46.4329,11.86301
vnt089,45.788026703066,11.6715039610426
vnt217,45.466425420334,11.6013557917904
vnt377,45.31572,10.948233
vnt062,45.49,10.87
vnt191,45.4455598452076,11.7554140090942
vnt235,46.5125901853598,11.8647880543722
vnt164,45.8655327050064,11.607971303165
vnt292,46.52677,12.17529
vnt079,45.6,12.51
vnt136,45.3204396273994,11.9800758361816
vnt076,45.6610271184749,12.1294641494751
vnt280,45.827579,11.923297
vnt058,45.53,12.65
vnt230,45.7524628626492,11.6598415374756
vnt067,45.76,11.43
vnt293,46.44262,12.20648
vnt083,45.87,11.49
vnt388,45.274832,11.862618
vnt093,45.83,11.83
vnt137,45.5415132331549,11.3681316410657
vnt281,46.508299,12.046684
vnt400,45.621864,11.514972
vnt097,46.1025482762843,12.2394132614136
vnt370,45.023172,12.235826
vnt269,45.736524,11.380516
vnt092,46.55,12.13
vnt098,45.41,12.02
vnt209,46.0724366894085,12.3017921391875
vnt020,45.48,11.28
vnt145,45.5675010171145,11.9351935395389
vnt284,45.879702,11.48579
vnt233,45.9420822283757,12.0288355357479
vnt417,45.488543,12.163678
vnt167,45.6764457132952,11.9240148074459
vnt111,45.8666642715207,12.1106915466953
vnt311,45.26514,11.25143
vnt352,45.78507,11.89487
vnt393,45.519075,11.233226
vnt375,45.4301,12.328041
vnt353,45.51,12.66111
vnt109,46.2728025199898,12.0065975189209
vnt351,45.98667,12.2461
vnt297,45.81485,11.30868
vnt204,45.6338763146933,11.9553565979004
vnt106,46.3050231756833,12.0086145401001
vnt355,45.886306,11.536727
vnt336,46.01553,11.89484
vnt343,45.6187,11.03898
vnt342,46.53602,12.1276
vnt113,46.0088259758066,11.914587020874
vnt327,45.34206,11.67737
vnt346,45.88028,11.55334
vnt201,45.9050460255335,12.0233988761902
vnt329,45.49483,11.9137
vnt259,45.489766740061,11.0179627686739
vnt341,45.03274,11.8262
vnt340,45.58008,12.308
vnt334,45.36126,11.67305
vnt332,45.89151,12.49369
vnt088,45.83,11.88
vnt330,45.18603,11.84903
vnt397,46.083605,11.961236
vnt369,45.843767,11.34712
vnt279,45.739346,11.637311
vnt157,45.7077077048417,11.6792392730713
vnt289,45.94433,12.02154
vnt105,45.9090922634691,12.1829205751419
vnt361,46.042283,11.868802
vnt366,45.584877,11.223611
vnt153,45.3135893653347,11.8823575973511
vnt412,45.87374,11.275436
vnt074,45.857446,11.344909
vnt234,45.3615238091933,11.7926216125488
vnt219,45.7082771053473,11.7015981674194
vnt090,45.58,11.38
vnt322,45.74482,12.76147
vnt387,45.642679,10.733985
vnt250,45.7415919156204,12.0956683158875
vnt060,46.082399646519,12.0425605773926
vnt112,45.5270055761043,11.5598058700562
vnt371,46.105789,12.060494
vnt323,45.45805,12.48642
vnt188,45.5519702942922,11.839532374288
vnt363,45.762398,11.762615
vnt263,45.364076,11.792031
vnt290,45.9565,12.1173
vnt255,45.7472944355412,12.1059104652522
vnt278,45.778114,11.696998
vnt288,46.27737,12.0334
vnt133,46.4027108006676,12.0174980163574
vnt028,46.1,12.18
vnt310,45.5177,10.76593
vnt312,45.5473,10.92363
vnt190,45.6466883337234,12.2703552246094
vnt249,46.4367527606753,12.1228880854324
vnt413,45.897861,11.392538
vnt066,45.3653054534557,11.9289948641381
vnt156,45.6066447995673,10.6846386194229
vnt081,45.45,10.97
vnt418,45.85963,11.745987
vnt252,45.7123426561583,11.6390478908579
vnt193,45.770574,11.726165
vnt324,45.60261,12.7073
vnt395,45.198766,12.275898
vnt178,45.714929670916,11.3648414611816
vnt071,45.5152187314311,12.1281766891479
vnt285,46.49926,11.87637
vnt286,46.43977,11.99027
vnt325,45.4353,12.11769
vnt129,46.3485865313249,12.1844655275345
vnt102,45.169368589969,11.3183534145355
vnt247,45.5511428566489,12.7726364135742
vnt257,45.8384572805872,11.692156791687
vnt392,45.877654,11.514445
vnt124,46.352511455869,11.9690036773682
vnt266,45.69159,12.373627
vnt406,45.429109,11.845577
vnt326,45.144,12.276
vnt037,45.2,12.28
vnt350,45.64064,13.07727
vnt256,45.8043009357643,11.6568287461996
vnt349,46.35068,11.96562
vnt348,46.19056,12.40805
vnt347,46.13,12.31806
vnt335,45.7165,12.52452
vnt345,45.78528,12.53945
vnt344,46.16369,12.24532
vnt213,45.7082771053473,11.8051099777222
vnt200,45.7287037574577,11.1736278492026
vnt339,46.35478,11.86967
vnt206,45.8062403814302,11.7769854066137
vnt114,45.7241580450847,11.4470028877258
vnt228,45.8195453083991,11.7636390920961
vnt210,45.7024030109033,11.7860126495361
vnt300,45.60781,11.18168
vnt394,45.414485,12.008283
vnt420,45.428803,11.951843
vnt270,45.408056,11.820724
vnt161,45.3345539873848,11.8224379418098
vnt211,45.873218282011,11.8027496337891
vnt244,45.8321682901758,12.1206525558955
vnt402,45.877725,11.514398
vnt338,45.68049,12.22123
vnt103,45.546,11.325
vnt333,45.80061,11.34351
vnt059,45.2,12.3
vnt331,45.78455,12.11314
vnt337,45.88276,11.51124
vnt367,45.934927,12.420884
vnt380,45.13726,12.10543
vnt321,45.84103,11.84084
vnt320,45.56843,11.63065
vnt104,46.3893919699402,11.9982719421387
vnt318,45.71592,11.77648
vnt315,45.7182,11.18165
vnt050,45.75,11.73
vnt365,45.289677,11.54359
vnt160,45.4586255651001,12.4563503265381
vnt360,45.420323,11.291076
vnt314,45.66871,11.46482
vnt302,45.88066,12.28254
vnt309,45.21726,11.00903
vnt127,45.3999466729301,11.781611166889
vnt362,45.438936,12.048843
vnt212,45.9615322728162,11.4018774032593
vnt185,45.6091301269616,11.5042741296929
vnt215,45.8281451065631,11.8378436565399
vnt303,44.91663,12.36932
vnt180,45.6377472335027,11.2097883224487
vnt391,45.631743,12.59242
vnt308,45.03066,11.30257
vnt025,46.1249501439114,12.2279977798462
vnt216,45.640087659344,11.8351078033447
vnt307,45.34669,11.95239
vnt023,45.7,11.58
vnt100,45.4896821252914,11.5755558013916
vnt245,46.0131179808924,11.8127757310867
vnt398,45.696824,11.527926
vnt214,45.5339061483518,11.9478435523342
vnt080,45.51,12.0
vnt046,45.5,11.43
vnt068,45.8906951807716,11.7216396331787
vnt384,45.934432,11.747695
vnt242,45.186646150541,11.8833484948118
vnt305,45.37175,10.83289
vnt258,45.7679660209032,11.78346991539
vnt077,45.75,11.62
vnt301,46.11841,12.44035
vnt168,45.7076627519231,11.6763961315155
vnt033,45.072303,12.237512
vnt056,45.4339366386311,11.3181495666504
vnt101,45.77,11.72
vnt299,45.65788,11.54816
vnt048,45.2693596057612,11.9333410263062
vnt356,45.4908,11.961391
vnt399,45.065881,12.18436
vnt031,45.07,12.02
vnt274,45.472014,12.22449
vnt405,45.481118,10.872383
vnt057,45.75,11.53
vnt192,45.8222798827394,11.7139148712158
vnt298,45.70329,11.18511
vnt165,45.7581819874977,11.5659427642822
vnt054,45.78,11.73
vnt149,45.0748116603551,11.4998756644491
vnt373,45.439926,12.039462
vnt231,45.8733178809014,12.0452692522667
vnt091,45.6372971404027,11.9833374023438
vnt276,45.485265,11.342946
vnt032,45.17,11.43
vnt207,45.8839440732796,11.7173373699188
vnt082,46.045187562792,11.7477482557297
vnt070,45.97,12.32
vnt401,45.526906,12.701171
vnt304,45.69427,11.94814
vnt162,45.8212570501244,11.6216340070241
vnt095,45.5185866533067,11.2387990951538
vnt159,45.5153089462516,12.127833366394
vnt099,45.22,11.62
vnt189,45.6067123506847,10.7983589172363
vnt251,44.8952821850306,11.6014766693115
vnt382,45.848317,11.569625
vnt296,46.46028,12.41055
vnt202,45.8933535775664,11.7859268188477
vnt408,45.74453,11.238546
vnt246,45.7864246678062,12.0577847957611
vnt364,45.687722,11.849291
vnt306,45.38992,11.3799
vnt155,45.8577204886571,12.0598561762017
vnt254,46.5280835508469,12.0082082692534
vnt049,45.65,11.58
vnt146,45.8298040034889,11.8110752105713
vnt125,46.3486309660103,11.8604922294617
vnt073,45.74,11.55
vnt197,45.8055453346342,11.5342848293949
vnt295,46.557,12.55338
vnt084,45.308308,11.731853
vnt282,45.783184,11.570286
vnt265,45.723557,11.610605
vnt069,45.22,11.65
vnt328,45.16084,12.08742
vnt187,45.2886256794334,11.5441846847534
vnt383,45.633588,12.690557
vnt018,44.9613818370703,11.5966701507568
vnt223,45.5739780612611,11.5118265151978
vnt241,45.2842579173304,11.7907595334691
vnt170,46.1120595218653,12.2255168258926
vnt181,45.6334261905014,11.9638538360596
vnt182,45.7505763211928,12.3323249816895
vnt203,45.5145270796695,12.2099304199219
vnt358,45.861507,11.34316
vnt416,45.089142,11.595871
vnt177,45.513408891368,12.2838414609214
vnt222,45.7024130012313,11.2210700497963
vnt239,45.939605229468,11.551745653851
vnt316,46.56997,12.70828
vnt237,45.3152491964769,10.948691368103
vnt317,45.7571,11.21496
vnt294,46.34599,12.18443
vnt415,45.413537,12.131374
vnt094,45.7,11.78
vnt319,45.44899,11.66204
vnt378,45.288128,11.500561
vnt108,45.5639537475229,12.2278404227109
vnt240,45.9303259762977,11.4136662147939
vnt354,46.110683,12.226314
vnt372,45.834415,11.735021
vnt123,46.4446586559416,12.0599842071533
vnt313,45.45954,11.17178
vnt158,45.7411127067066,11.3467311859131
vnt236,45.8470872893316,12.35315394395
vnt262,45.8660167982672,12.1797838207567
vnt287,46.42785,11.9051
al0001,41.3158180292796,19.8153247855953
es0011,40.521627,0.159525
gr0001,35.04324,26.228187
es0009,38.015986,-1.053803
fr0007,48.627264,-4.538501
fr0297,42.701275,9.425569
fr0004,48.987061,1.951225
fr0008,43.688816,3.579059
fr0001,49.316489,6.09231
fr0002,43.574845,2.272734
fr0005,50.967925,2.440487
fr0003,47.235779,-2.15956
fr0006,44.893488,6.618084
svz013,46.235766,9.122778
svz014,47.568761,8.847835
svz001,46.0079317661582,8.95248413085938
svz015,46.264214,8.99828
svz016,46.177435,8.750478
